datetime,y_real,y_pred_rf,y_pred_xgb,y_pred_svr,y_pred_persistencia,y_pred_lr
2010-02-14,1.1007019089574155,1.1197567103120942,1.1093044,1.0035047953228406,0.9473483483483484,1.0900117974129881
2010-02-15,1.137470684039088,1.1277343981453738,1.0364077,1.1179159276587494,1.609079245283019,1.2600815371234113
2010-02-16,1.1523786707882535,1.1445919436007261,1.190133,1.2250852230644127,1.5040826833073322,1.3391805744704377
2010-02-17,1.1599673405909798,1.0329054211760929,1.0160376,1.0205806786757163,1.2802258756254468,1.1928518458121828
2010-02-18,1.156489469862019,1.074834015233417,0.98002243,1.182202632788699,0.9524541484716157,1.1221208026115423
2010-02-19,1.2149262536873158,1.072300483890615,1.0827407,1.2217224385410768,1.1918768545994065,1.1992074612833572
2010-02-20,1.1877258426966293,1.1848627159378062,1.3234446,0.987913150054505,1.2841465315666407,1.3485540428333822
2010-02-21,1.2770758620689655,1.0322181007398068,1.0827022,1.0231329566903056,1.1007019089574155,1.199919907940418
2010-02-22,0.8393200295639319,1.03787594324931,1.0599347,1.0562382588117998,1.137470684039088,1.1710117353111436
2010-02-23,0.8359090909090909,1.012167539066845,1.1077011,1.2191026222261394,1.1523786707882535,1.1956071848309704
2010-02-24,1.1754885777450257,0.9977090711432076,0.9403531,1.0138585318125435,1.1599673405909798,1.1526350967359957
2010-02-25,1.2918284106891702,0.9953377934291359,0.9739092,1.2446946501792322,1.156489469862019,1.1550710956198345
2010-02-26,1.3099467061435974,0.9912825502705013,0.9380636,1.1899322740568499,1.2149262536873158,1.1218445430803023
2010-02-27,1.1053178181818182,1.0056782212144229,0.99718565,1.0628090592970074,1.1877258426966293,1.1812115790144975
2010-02-28,0.4927000695894224,0.9979503301149539,0.9620917,1.152770052678649,1.2770758620689655,1.1282768597198662
2010-03-01,0.8526864406779661,0.9773478795457998,0.78852516,1.041072884941613,0.8393200295639319,0.9676181527143025
2010-03-02,0.5230278940027895,0.9842318336285905,0.83369106,1.059103854415901,0.8359090909090909,0.930281125750012
2010-03-03,0.6498847222222222,1.0135993558491379,0.9848404,1.1694310444089129,1.1754885777450257,1.0561781838677282
2010-03-04,0.473509040333797,0.9394406140485819,0.8626854,1.089261877167864,1.2918284106891702,1.0604871571402847
2010-03-05,0.7092578796561605,0.992352341901126,0.9128853,0.9894061490426848,1.3099467061435974,1.06017436352495
2010-03-06,0.549205020920502,0.9574070567519793,0.9817407,0.7081192014624348,1.1053178181818182,1.1204035222044237
2010-03-07,0.8414360086767895,0.9996529798284827,0.91337895,0.9104464694023833,0.4927000695894224,0.8890423817415388
2010-03-08,1.307448695652174,0.9922339070176678,1.0300019,0.8827479487414028,0.8526864406779661,1.0064537305995085
2010-03-09,1.1367093023255814,0.936385270560042,0.9213437,0.7568222514218284,0.5230278940027895,0.9009167935520814
2010-03-10,1.2143354746609565,0.9726125931618204,0.9874657,1.0925142478624872,0.6498847222222222,0.9307363546354663
2010-03-11,1.196457564575646,0.974183265309111,0.93043584,0.7289621177398299,0.473509040333797,0.9342388109570878
2010-03-12,1.041093525179856,0.9995942328349341,0.9775083,0.9926298250910308,0.7092578796561605,0.9998248330724847
2010-03-13,1.2581477272727273,0.9989239930510115,1.0086235,0.8765719387118529,0.549205020920502,0.9899440524802883
2010-03-14,1.0400354861603975,1.0233538674556293,1.0714108,1.1589379282665992,0.8414360086767895,1.024465016703695
2010-03-15,1.1650472779369627,1.0480865909715709,0.8761432,0.915663758887289,1.307448695652174,1.0407698071933333
2010-03-16,1.0560574632095305,1.077499629740026,1.0636983,1.1167918904518026,1.1367093023255814,1.0168601748793407
2010-03-17,1.2224606151537885,1.0975477315073308,1.1317552,1.1318537933540336,1.2143354746609565,1.150514694648733
2010-03-18,1.0118566308243728,1.1109735757260077,1.126651,1.0115748845065042,1.196457564575646,1.152178261320782
2010-03-19,1.1311416490486257,1.0941379260747743,1.0948231,1.1029558705484117,1.041093525179856,1.0897240225530131
2010-03-20,0.5595130434782608,1.050398296724298,0.95929414,1.015743374514386,1.2581477272727273,1.0698019136196586
2010-03-21,1.042231939163498,1.0889529531886064,1.116731,1.0594408446911876,1.0400354861603975,1.0392685834751307
2010-03-22,1.060706474820144,1.070589371911293,1.0080467,1.0796477398096553,1.1650472779369627,1.080593197493738
2010-03-23,1.1280176470588235,1.0807937277360007,1.0775746,0.9025020569324541,1.0560574632095305,0.983776279223424
2010-03-24,1.1933693693693694,1.1150064612212673,1.0913086,1.0103103757969685,1.2224606151537885,1.0312466654173764
2010-03-25,1.1317462580185316,1.064578405741173,1.0588552,0.8474670509781977,1.0118566308243728,0.990301194343444
2010-03-26,1.0763239740820734,1.0053876657476626,1.001603,0.9043360973748041,1.1311416490486257,0.9842000240925888
2010-03-27,1.10993353028065,0.9500088055495424,0.9532896,0.9206890865304352,0.5595130434782608,0.9587873019526704
2010-03-28,0.9084140821458508,1.0073060675662706,0.9467605,1.0889590343895872,1.042231939163498,0.9968473838751268
2010-03-29,1.1139179487179487,1.0986233329840653,1.0265272,0.9580163346268283,1.060706474820144,1.0960865053264268
2010-03-30,1.2323643533123028,1.0793005152618798,1.0706929,0.7657642747878355,1.1280176470588235,1.0500060308030834
2010-03-31,1.1435966127790607,1.0778653385118158,1.009964,0.9014160795897845,1.1933693693693694,1.010213664337033
2010-04-01,1.09141773962804,1.034917007401396,1.0055519,1.0068805389021753,1.1317462580185316,1.030964700803941
2010-04-02,1.1154925160370635,1.030403118458286,1.0516046,0.8408579292102802,1.0763239740820734,0.9750673049560716
2010-04-03,1.1425240562546262,1.0213814512737596,1.0712627,0.9995403969153275,1.10993353028065,1.0576031477526486
2010-04-04,0.9498143194335169,0.9738045184154823,0.98394847,1.0267155057172594,0.9084140821458508,0.963444548336751
2010-04-05,0.6647629020194465,0.984878849009221,0.9520585,1.0464994096437261,1.1139179487179487,1.0130503709528926
2010-04-06,1.1846590093323761,1.026005779564415,0.9075354,0.9667220535325682,1.2323643533123028,0.9329992856875944
2010-04-07,1.0197845263919016,1.026550453982867,0.99017227,0.9739549237516172,1.1435966127790607,0.9612241443684196
2010-04-08,1.1052158527954707,1.0192560724517477,0.93170434,1.0178705964504915,1.09141773962804,1.0208723256953172
2010-04-09,0.7880516870064609,1.016102048139792,1.0237036,1.045100005170413,1.1154925160370635,1.0418561567899745
2010-04-10,0.7678752688172042,1.0530879562010178,1.102721,1.1711730609625162,1.1425240562546262,1.0473150416976083
2010-04-11,0.7769009976976209,0.8649957729005644,0.8640142,0.9227494098848821,0.9498143194335169,0.961682104434
2010-04-12,0.9603534421575585,0.889013858917569,0.8169176,0.7696289267954274,0.6647629020194465,0.8647369348441521
2010-04-13,1.009323802716226,1.0129647677230889,0.99733406,0.9955810352903433,1.1846590093323761,1.0130335784225695
2010-04-14,0.9950029585798816,0.9737166888072081,0.9310513,0.9314257051580946,1.0197845263919016,0.9871341730818466
2010-04-15,1.234549215406562,0.9480076651546839,0.9426023,1.020192480987788,1.1052158527954707,0.9741038911680373
2010-04-16,1.0124305255579553,0.9095576741993401,0.9067427,0.9929552198510926,0.7880516870064609,0.9263377291329544
2010-04-17,0.9341262848751836,0.91016832394519,0.92228234,0.9079451077555633,0.7678752688172042,0.9259904928322802
2010-04-18,0.9652230113636363,0.8259899073692448,0.87859815,0.8859191090546713,0.7769009976976209,0.9257816324730755
2010-04-19,1.0176510067114095,0.9176176171914028,0.9847443,1.089954128453597,0.9603534421575585,0.9431720113230317
2010-04-20,1.1951761280931588,1.006859609429961,1.0310016,0.9128189661112978,1.009323802716226,0.9892354518763132
2010-04-21,1.081765371024735,0.9598335523485864,0.981748,0.9429875713645275,0.9950029585798816,0.896553240118569
2010-04-22,0.9339649635036495,0.9785629628974862,0.98611003,0.7868558904172928,1.234549215406562,1.0079715428337754
2010-04-23,0.7890149466192171,0.9954440152917333,1.0306708,0.8889296376683196,1.0124305255579553,0.9828757407022527
2010-04-24,0.7376,0.9365264625859369,1.0009822,1.004715311966402,0.9341262848751836,0.9779393177968259
2010-04-25,1.0093962264150944,0.9106931210158836,0.9498636,0.855103674380048,0.9652230113636363,0.9679027346398917
2010-04-26,0.7204461756373938,0.9005935545403907,0.9072826,0.7288972201506907,1.0176510067114095,0.8807170118449744
2010-04-27,0.8445990133897111,0.9476348561625155,0.9556585,0.9265476046748399,1.1951761280931588,0.9875501123934975
2010-04-28,0.5806426553672316,0.9403715676626476,0.9463868,0.9431677833039479,1.081765371024735,0.9467670094486066
2010-04-29,0.7334694167852063,0.9278735156564757,0.91939116,0.9880799780568897,0.9339649635036495,0.8795898109734398
2010-04-30,0.6434300595238095,0.8154631281262688,0.78301024,0.8253251014005732,0.7890149466192171,0.8237873427852933
2010-05-01,0.748885100074129,0.8021473585957226,0.83255565,0.8285245114108423,0.7376,0.8039502305837138
2010-05-02,1.0863333333333334,0.8435742934586463,0.8070667,0.7745900237875161,1.0093962264150944,0.8405369613681883
2010-05-03,0.8527832061068702,0.7847611077554483,0.76973987,0.8708283423494318,0.7204461756373938,0.818969677124002
2010-05-04,1.002014556040757,0.8660174917243216,0.8563038,0.8843464033030106,0.8445990133897111,0.8405909830003259
2010-05-05,1.0244065420560748,0.7735667753825747,0.8298452,0.7859030463196903,0.5806426553672316,0.7714628922111856
2010-05-06,0.868915107913669,0.8971849418907429,0.9325527,1.0294421935702953,0.7334694167852063,0.8229596121090793
2010-05-07,1.0162149390243904,0.8006764077211357,0.8652467,0.7847877009971342,0.6434300595238095,0.7698995512439765
2010-05-08,0.8143906836964688,0.8407997725069858,0.8361351,0.8833638842124446,0.748885100074129,0.8693612301507364
2010-05-09,0.8786560846560847,0.9800596481412442,1.0235946,0.8682423527636666,1.0863333333333334,0.9965209270875244
2010-05-10,0.9553690987124464,0.8840127791296074,0.87846226,0.9738553735565858,0.8527832061068702,0.8351398559008106
2010-05-11,0.9990261627906978,0.9592646872714176,0.99335873,0.962426763699404,1.002014556040757,0.837083985806439
2010-05-12,1.2498048048048047,0.9505311750795868,0.961781,0.8658251965433684,1.0244065420560748,0.8561939027647392
2010-05-13,0.8863707611152977,0.8838120179917318,0.84379554,0.9874650456878699,0.868915107913669,0.8049351169545749
2010-05-14,1.0961708394698084,0.8895158681336423,0.8854172,0.8473086016722445,1.0162149390243904,0.8517364484889137
2010-05-15,1.072553750966744,0.8073091137906903,0.84936756,0.8947674719859429,0.8143906836964688,0.9407843138367026
2010-05-16,1.1767184615384614,0.9057754807312248,0.9348943,0.9682380712979324,0.8786560846560847,0.9289700718702538
2010-05-17,1.077410071942446,0.8135658673120959,0.81975096,0.6127880617870991,0.9553690987124464,0.8914481533971874
2010-05-18,0.9615650319829424,0.8742463093480143,0.86395353,0.7609516395865635,0.9990261627906978,0.9331121908294939
2010-05-19,0.9367765042979943,0.9040793565379696,0.8252076,0.7966925264652345,1.2498048048048047,0.9860959992321249
2010-05-20,0.7826737288135593,0.8574757993659885,0.8291633,0.8235397782798661,0.8863707611152977,0.940360823513233
2010-05-21,0.8166949524506218,0.8974350846083408,0.913601,0.7541771939126998,1.0961708394698084,0.9732645896882473
2010-05-22,1.1537181745396317,0.9314789953329766,0.9309472,0.7408225065340339,1.072553750966744,1.0027177454788563
2010-05-23,0.984203414996288,0.8962158686256245,0.94928986,0.7714572136378864,1.1767184615384614,1.0690785260977151
2010-05-24,0.8273734409391049,0.9489486608431182,0.89663464,0.703030138575246,1.077410071942446,1.0022406389023615
2010-05-25,0.7594915997078159,0.8973817702885563,0.84287477,0.7318546878341916,0.9615650319829424,0.9536170752214
2010-05-26,0.7702031602708804,0.8917327612379734,0.8422032,0.7470711086420682,0.9367765042979943,0.97282406430803
2010-05-27,0.8690528602461984,0.8156637631217051,0.78809595,0.7369659989655364,0.7826737288135593,0.9207114474885901
2010-05-28,0.927778097982709,0.8707083832679149,0.9171461,0.8437482072561924,0.8166949524506218,0.9064311453274606
2010-05-29,1.1912983555207517,0.9573345265399469,0.9675838,0.9117225935487758,1.1537181745396317,1.0040944569894792
2010-05-30,0.9725919282511211,0.9481473379745435,0.9066003,1.0440871793978204,0.984203414996288,0.904393172180923
2010-05-31,0.8718131241084165,0.8377022088415985,0.7281079,0.6805805823606811,0.8273734409391049,0.7983815577197121
2010-06-01,0.8080954446854663,0.8493033010206307,0.81262624,0.8236878518231656,0.7594915997078159,0.8161964549495854
2010-06-02,0.6662702322308234,0.8745871773317857,0.8643,0.7253724981116958,0.7702031602708804,0.7552885823113391
2010-06-03,0.8554197802197802,0.8255371053615744,0.78299975,0.7834849317862155,0.8690528602461984,0.8152176927137261
2010-06-04,0.8620935412026726,0.8855904099442955,0.89438653,0.9272811073341014,0.927778097982709,0.8770983414384704
2010-06-05,1.0531677740863787,0.9866572903097837,0.9480495,0.8432942449526808,1.1912983555207517,1.0421276084323114
2010-06-06,0.9325064516129032,0.9425614959245517,0.91784835,0.9555562620949184,0.9725919282511211,0.9673676214347084
2010-06-07,0.6356379310344827,0.8366485925464222,0.80557466,0.7851309565091922,0.8718131241084165,0.8600228593733484
2010-06-08,0.8412813659985151,0.8722856414694974,0.795899,0.8166766883316244,0.8080954446854663,0.9159260524470876
2010-06-09,0.9278984316654219,0.8050304451067971,0.7858644,0.7952048455335516,0.6662702322308234,0.8401815371406499
2010-06-10,0.8088057761732851,0.811536922678454,0.80234325,0.7707384891689428,0.8554197802197802,0.8933884547882669
2010-06-11,0.9045214770158251,0.8597783577241525,0.8463519,0.8042200524861414,0.8620935412026726,0.8781283463085006
2010-06-12,1.228238517324738,0.9564076364703479,0.9880422,1.1234493727553887,1.0531677740863787,0.9991574162261256
2010-06-13,0.9663869002284844,0.8366060001456539,0.8124382,0.8074691801781343,0.9325064516129032,0.9219546594271076
2010-06-14,0.7837525473071324,0.7991911431646425,0.74236786,0.8005343611205202,0.6356379310344827,0.7937232503530525
2010-06-15,0.8031650909090909,0.8337498250411285,0.81509346,0.7724252037350804,0.8412813659985151,0.8374502719509794
2010-06-16,1.1024369003690035,0.7847946136226078,0.79273504,0.8639378960310778,0.9278984316654219,0.8822617376070145
2010-06-17,0.6964270613107822,0.8238755825841138,0.77128154,0.854081172502261,0.8088057761732851,0.869581497546792
2010-06-18,0.8322715867158672,0.8416600251614718,0.8393623,0.7134028700200487,0.9045214770158251,0.9085629608180504
2010-06-19,0.80766015037594,0.9504616675510111,0.9724387,0.6871762009417641,1.228238517324738,1.0353826058198783
2010-06-20,0.980864622288706,0.8442044961524339,0.83249617,0.6708899493322453,0.9663869002284844,0.9411797265509325
2010-06-21,0.9611388059701492,0.8057343262271999,0.7754466,0.7802353301209205,0.7837525473071324,0.8485064835463287
2010-06-22,0.8550718654434251,0.8302997757490993,0.8389791,0.8275393042332259,0.8031650909090909,0.8650232474230064
2010-06-23,0.7308839427662958,0.9199616341382726,0.89778674,0.9379140139802854,1.1024369003690035,0.9011877095675339
2010-06-24,0.7150888252148997,0.8324078367189353,0.8255483,0.8449264110206413,0.6964270613107822,0.8213010873978267
2010-06-25,0.7156410624551328,0.8987733020795342,0.83519316,0.8607711940825065,0.8322715867158672,0.8653856812854237
2010-06-26,0.6041659192825112,0.8968080321611851,0.9335578,0.8882923553455371,0.80766015037594,0.9517729046037714
2010-06-27,0.7055352635486266,0.9183520506500175,0.9376499,1.0023487255231438,0.980864622288706,0.9915864924583242
2010-06-28,0.9506494688922609,0.798172807928575,0.86122376,0.7746071037114827,0.9611388059701492,0.9258789200233153
2010-06-29,0.756444089456869,0.8335177737059887,0.8267028,0.8267412761012384,0.8550718654434251,0.8334464710788944
2010-06-30,0.891461713419257,0.8321411800253944,0.80162555,0.6827366469108178,0.7308839427662958,0.7343856927481884
2010-07-01,0.7897360248447205,0.8288000214472606,0.7727041,0.6809833840868859,0.7150888252148997,0.7331437417197428
2010-07-02,0.7356824471959214,0.8554814929062349,0.8400649,0.7307910283971296,0.7156410624551328,0.7625486781351443
2010-07-03,0.6920986342943855,0.857269736654671,0.87720686,0.7343852476833584,0.6041659192825112,0.7743304267189557
2010-07-04,0.986806282722513,0.8409134826117053,0.7974039,0.6954591476864148,0.7055352635486266,0.7319185700887517
2010-07-05,0.708609594095941,0.8520264285967639,0.7741027,0.890624781804791,0.9506494688922609,0.7601944913357113
2010-07-06,0.6621173104434906,0.8246013981933173,0.77322805,0.6441074504940276,0.756444089456869,0.6752661566682071
2010-07-07,0.5128078317621465,0.8920691784883116,0.8631284,0.8800552931350029,0.891461713419257,0.7596721999480422
2010-07-08,0.7282001482579689,0.7272741558116796,0.7049204,0.6869279102906295,0.7897360248447205,0.6327729977958764
2010-07-09,0.7108480355819125,0.7497491737759909,0.73411745,0.5872564842193679,0.7356824471959214,0.5854805078383676
2010-07-10,0.6737888975762314,0.7702626256140326,0.7391944,0.5207603350705375,0.6920986342943855,0.67711348870585
2010-07-11,0.6948739232576351,0.7818141820170419,0.7414902,0.6278404346133775,0.986806282722513,0.79509322160324
2010-07-12,0.7091666666666666,0.7360227423182679,0.7141215,0.8083734305604737,0.708609594095941,0.7370151512553625
2010-07-13,0.7960633204633205,0.7501763925707294,0.74907637,0.6776131629776934,0.6621173104434906,0.6957643206323623
2010-07-14,0.8426345256609642,0.6698909260876417,0.6317941,0.49494023184707314,0.5128078317621465,0.6361691742186211
2010-07-15,1.0496234432234433,0.7108368938410484,0.6637216,0.670162843576058,0.7282001482579689,0.6478602044409045
2010-07-16,0.5561230551626591,0.6717934295722072,0.61736757,0.7529303267347542,0.7108480355819125,0.5908257831522227
2010-07-17,0.5290379384395133,0.676678974056186,0.68333006,0.6532283054891423,0.6737888975762314,0.6839246371436026
2010-07-18,0.5524408450704226,0.6859388633257066,0.68016243,0.6740253607309283,0.6948739232576351,0.6772128425940142
2010-07-19,0.5259015691868759,0.6615373690677099,0.6478015,0.6102091758430485,0.7091666666666666,0.6431828940845916
2010-07-20,0.5603378864126527,0.6296155146186608,0.6116147,0.517398296095873,0.7960633204633205,0.6529346457941705
2010-07-21,0.6570731707317073,0.6117030266695582,0.6172511,0.7205947086968869,0.8426345256609642,0.6864117716528265
2010-07-22,0.772300435413643,0.6886668456012613,0.7600254,0.6673671268785897,1.0496234432234433,0.7716818968874174
2010-07-23,0.7533874538745388,0.646527259588309,0.62338,0.6707724031927865,0.5561230551626591,0.6688895945192175
2010-07-24,0.622058487874465,0.6481544757651656,0.6145757,0.4041810129192789,0.5290379384395133,0.7145879376972342
2010-07-25,0.705768221574344,0.6683831397316524,0.6628959,0.44868126392782093,0.5524408450704226,0.7773538542262551
2010-07-26,0.586594017094017,0.577414625666353,0.5352423,0.5006941767529965,0.5259015691868759,0.6609087214517892
2010-07-27,0.6275356885364095,0.5692746684206526,0.5666442,0.5227906265273279,0.5603378864126527,0.6391195439480433
2010-07-28,0.5535768406004289,0.58396278883965,0.5349047,0.6871818022947764,0.6570731707317073,0.6744680532922884
2010-07-29,0.35906609808102347,0.5571309559584169,0.5476701,0.6391196590576509,0.772300435413643,0.5888543525686825
2010-07-30,0.3615251594613749,0.5369181161685639,0.6080735,0.4507844895158124,0.7533874538745388,0.5862075960095859
2010-07-31,0.3677307692307692,0.5578053676570397,0.5942709,0.5064685086754204,0.622058487874465,0.5819344428974602
2010-08-01,0.36764011379800854,0.5487950856590273,0.59677976,0.469273607535158,0.705768221574344,0.6519124276832685
2010-08-02,0.36480649717514124,0.539196630541992,0.5841038,0.6515893129025576,0.586594017094017,0.640674903676044
2010-08-03,0.40615220483641534,0.5860557624821042,0.5939603,0.6726165289585517,0.6275356885364095,0.6371268761812547
2010-08-04,0.3570127659574468,0.5810282024403385,0.60457546,0.7311722903306298,0.5535768406004289,0.6642715718381906
2010-08-05,0.35862720225510925,0.5349020316417173,0.6327712,0.7296285830500695,0.35906609808102347,0.5947483811895212
2010-08-06,0.3554982381959126,0.4461573090413749,0.48575738,0.36673076705925667,0.3615251594613749,0.533476283607004
2010-08-07,0.35409161381254406,0.4184517973015984,0.4656769,0.16474398350886255,0.3677307692307692,0.5904592718162647
2010-08-08,0.35499647639182524,0.4105416043823201,0.4597786,0.2938963498228264,0.36764011379800854,0.6415232342489592
2010-08-09,0.3547707594038325,0.4105243436156023,0.43294004,0.3372461067844601,0.36480649717514124,0.5795977636481972
2010-08-10,0.36085169491525426,0.428218075623872,0.45500982,0.45819970962773576,0.40615220483641534,0.6264734033014776
2010-08-11,0.3599745583038869,0.45827041378500183,0.46130052,0.4954359498894593,0.3570127659574468,0.600101124438523
2010-08-12,0.3484597864768683,0.5056476274057069,0.4514131,0.5987243508610011,0.35862720225510925,0.6009974429699484
2010-08-13,0.36317927170868347,0.46345222453998636,0.49187317,0.49809273168949914,0.3554982381959126,0.5778392277511689
2010-08-14,0.3737936842105263,0.4709856030398872,0.50130546,0.324253265906587,0.35409161381254406,0.6359212428093592
2010-08-15,0.649864106351551,0.4919044393225711,0.51392764,0.3006108441785087,0.35499647639182524,0.6236354604423585
2010-08-16,0.7601654879773692,0.5080038018721698,0.5011893,0.4759962147625815,0.3547707594038325,0.5370967029200471
2010-08-17,0.7191370309951061,0.5644466568165624,0.49186254,0.49095135369032894,0.36085169491525426,0.5398768627261866
2010-08-18,0.5733286713286714,0.5859900882245329,0.4841594,0.4029928437368493,0.3599745583038869,0.4949012391068619
2010-08-19,0.4941925601750547,0.5522852138266334,0.4642059,0.4317065758826206,0.3484597864768683,0.47971863048409913
2010-08-20,0.4698005738880919,0.6236536580174286,0.51268804,0.3985284659176713,0.36317927170868347,0.4872051883034657
2010-08-21,0.6173063583815028,0.6310245623063494,0.52784085,0.4482039198908881,0.3737936842105263,0.5828041055514586
2010-08-22,0.5033721590909092,0.6109888997855404,0.56365937,0.690870480138704,0.649864106351551,0.6054807340012975
2010-08-23,1.0647547797173733,0.6628711679666953,0.5862876,0.566400520500087,0.7601654879773692,0.6333573974048172
2010-08-24,0.7991854150504267,0.6345125456872482,0.5794686,0.5449400231994446,0.7191370309951061,0.6557784072789958
2010-08-29,0.9988693054518298,0.648973962029313,0.5366734,0.7046758552445351,0.5733286713286714,0.6373068417561953
2010-08-30,0.9541006564551422,0.654127041751381,0.5729555,0.55396676004341,0.4941925601750547,0.5879210721505485
2010-08-31,0.8740665701881332,0.6525198488179249,0.5618583,0.5443234963635838,0.4698005738880919,0.605547706774982
2010-09-01,0.9480978179082016,0.6940724613270264,0.70158345,0.560185229187449,0.6173063583815028,0.677282445572644
2010-09-02,0.891849744711889,0.7134368588057408,0.6861619,0.6493328744873994,0.5033721590909092,0.6334422440938352
2010-09-03,0.8520043541364295,0.7950305114599583,0.79083645,0.691596705078724,1.0647547797173733,0.6887430938092579
2010-09-04,1.0982076749435665,0.8100953156814238,0.8238109,0.7484674725582885,0.7991854150504267,0.8585877348431339
2010-09-05,0.8321909620991255,0.8379975183511158,0.9437038,0.9161105294240194,0.9988693054518298,0.8740391992452957
2010-09-06,0.8840634218289085,0.8227990104218247,0.8838144,0.6146238249206561,0.9541006564551422,0.8452664221455433
2010-09-07,0.9097209642074506,0.7678628221456646,0.81984323,0.6489979559212311,0.8740665701881332,0.8288278766343736
2010-09-08,0.830162399414777,0.8320615191669305,0.88212955,0.7755972691082474,0.9480978179082016,0.925588236827317
2010-09-09,0.7775286439448876,0.8160648300552057,0.8163265,0.808455676549998,0.891849744711889,0.9215479382082007
2010-09-10,0.8066546275395035,0.8491008075207063,0.8886525,0.8957803823302452,0.8520043541364295,0.90953639624787
2010-09-11,0.9174487471526196,0.9103574897099455,1.0171,0.9472367468070532,1.0982076749435665,1.0431551634492349
2010-09-12,0.996437125748503,0.8642572742284677,0.92584455,0.8229359789440376,0.8321909620991255,1.0073010558991338
2010-09-13,0.7010474820143885,0.8651176107281446,0.85224175,0.8194424997230223,0.8840634218289085,0.9643784194818485
2010-09-14,0.886976401179941,0.8790876110262665,0.9072274,0.8279156799863331,0.9097209642074506,0.9554792936442611
2010-09-15,0.6382765647743813,0.8449645587893458,0.83056396,0.8061390902721918,0.830162399414777,0.8976595363969884
2010-09-16,0.845078947368421,0.8368173748877378,0.81276363,0.7679471285294326,0.7775286439448876,0.8667958939860062
2010-09-17,0.803640364188164,0.9053418396425124,0.9223398,0.8258844515469183,0.8066546275395035,0.9072694890577687
2010-09-18,0.8414212401995723,0.9688863334440129,1.0110302,0.9487946135313174,0.9174487471526196,0.9323648793700021
2010-09-19,0.5971852377572746,1.0163196786529516,1.054229,0.9386046437028244,0.996437125748503,0.9906100781701253
2010-09-20,1.0323706449221646,0.8918546838882355,0.8705945,0.8025561186287863,0.7010474820143885,0.8295092986842257
2010-09-21,0.7231093410572049,0.9584187334771853,0.8937217,0.8847812512842955,0.886976401179941,0.869226187248939
2010-09-22,0.9188535127055306,0.8530908837995191,0.82073504,0.7022040420035626,0.6382765647743813,0.7682805803418098
2010-09-23,0.9192915451895044,0.9038367487776309,0.89192975,0.886109411755426,0.845078947368421,0.8486245682029374
2010-09-24,0.8858449275362318,0.870960253700611,0.8869271,0.8596767815167675,0.803640364188164,0.8424492093966713
2010-09-25,0.4358974358974359,0.9087645179997069,0.9857089,0.9580594010366762,0.8414212401995723,0.9858058109346537
2010-09-26,1.467366037735849,0.8578360492071022,0.81841207,0.6070686477928386,0.5971852377572746,0.8648899149345752
2010-09-27,1.107956678700361,0.9895519599733116,0.97374254,0.9165571652490585,1.0323706449221646,0.9182033303229131
2010-09-28,0.8282879656160458,0.8711231590909493,0.8819404,0.841646873549346,0.7231093410572049,0.8324065917976068
2010-09-29,0.971200870195794,0.9172971545125685,0.9034684,0.9414340217793951,0.9188535127055306,0.8310891229512289
2010-09-30,1.053901081916538,0.9105280244636996,0.9036473,0.8820146746727177,0.9192915451895044,0.8695140837459105
2010-10-01,1.0131276923076924,0.9047900381074848,0.8983876,0.8054245000283315,0.8858449275362318,0.8402531614427743
2010-10-02,1.0978071748878924,0.8467757466167809,0.82744735,0.5970672233715482,0.4358974358974359,0.7663490943282545
2010-10-05,1.1797452326468345,0.9226657032054731,0.95556045,1.0277227232996466,1.467366037735849,0.9940693415361939
2010-10-06,0.867615770609319,1.0266347063894015,1.0663465,1.0351485107611493,1.107956678700361,1.0658185978464956
2010-10-07,1.146426966292135,0.9211529944707703,0.9307363,0.7960863242196106,0.8282879656160458,0.9090160315428518
2010-10-08,0.9427475800446761,0.9262806293470082,0.9684588,1.0287411836691223,0.971200870195794,0.9679889179832419
2010-10-09,1.0268774885145484,1.0573743737749095,1.1255085,1.0776218885640108,1.053901081916538,1.0732130104474675
2010-10-10,1.0197887563884156,0.9863027740538441,1.0718833,1.1067504623527167,1.0131276923076924,1.046169441624539
2010-10-11,0.9513333333333333,0.9854005890855805,0.9893692,0.8294677957462302,1.0978071748878924,0.947067629883127
2010-10-12,0.9713925925925927,1.0932361553677097,1.1446673,1.0754392773849957,1.1797452326468345,0.9891256481292827
2010-10-13,1.2969011320754718,0.9409102550829325,0.9755072,1.025728052902643,0.867615770609319,1.0107776185064064
2010-10-14,1.10398702351987,1.0090595914115548,0.97127044,0.882152366947312,1.146426966292135,1.0244872619534384
2010-10-15,1.0220194902548725,0.9600189653573574,1.0009921,0.9564056320866066,0.9427475800446761,0.9638170084576416
2010-10-16,0.6769719101123596,1.0288614263094389,1.0369467,1.2173453653075543,1.0268774885145484,0.9934403366657829
2010-10-17,0.6418388969521045,0.977762644791069,1.011379,1.0825049512218818,1.0197887563884156,0.9578477139964634
2010-10-18,1.2504973544973546,0.9136715386305667,0.91278625,1.0231625629988244,0.9513333333333333,0.8094198055160526
2010-10-19,1.0321517571884984,1.000782382718483,1.0428332,1.1123495568924644,0.9713925925925927,0.999583363847829
2010-10-20,1.0981646030589949,0.9525510579692829,1.0224441,1.019195841082964,1.2969011320754718,1.0544275501060287
2010-10-21,0.8462002923976609,1.0340689923153115,1.0211508,1.0136140219907381,1.10398702351987,0.9935748164060337
2010-10-22,1.0805922684172138,0.9091162691868803,0.89496315,0.9477976824853713,1.0220194902548725,0.911656856905122
2010-10-23,1.260718826405868,0.8391465981460235,0.91055197,0.9419416012261564,0.6769719101123596,0.9460648767231739
2010-10-24,1.289182776801406,0.8624995287714653,0.92896706,0.8389984606469716,0.6418388969521045,0.8984153367808455
2010-10-25,0.7819175550817341,0.9978147880409722,0.9913015,0.9660813489153836,1.2504973544973546,1.0117451941486721
2010-10-26,0.5650984375,1.0575411434351434,1.0313423,0.9542119474298376,1.0321517571884984,0.9933520879430325
2010-10-27,0.7942772612003381,1.0273585262474498,0.9871622,1.1740381030863185,1.0981646030589949,1.0044729068487064
2010-10-28,0.8778644338118023,1.0017173790187968,0.972258,1.1644559677443902,0.8462002923976609,0.9612035265642505
2010-10-29,0.8316791277258567,0.9743384581615686,0.98137856,1.0441057225448958,1.0805922684172138,1.0448290290877604
2010-10-30,1.33466463878327,1.0541612037046209,1.1135458,1.1467798520326706,1.260718826405868,1.1035118821274736
2010-10-31,0.9329451540195342,1.02193274195613,1.0440688,0.8632694253107651,1.289182776801406,1.1035253980526611
2010-11-01,0.8993451776649747,0.918652614852495,0.85368896,0.9850733719647765,0.7819175550817341,0.9354808571893765
2010-11-02,0.8557847025495751,0.8604495200327071,0.819933,0.7558875664562853,0.5650984375,0.8829595661595819
2010-11-03,0.8167252573238323,0.9919658290406383,1.0846378,0.8832028809256988,0.7942772612003381,1.0272023685145513
2010-11-04,1.0688694690265488,0.9457303096511476,1.0320325,0.6953506191139918,0.8778644338118023,1.0343986960620928
2010-11-05,1.222402327514547,0.9455236185349968,0.9785077,0.7822611951431163,0.8316791277258567,0.9730094653999084
2010-11-06,1.114773656320969,1.1083051993781954,1.1918585,0.9111814443723116,1.33466463878327,1.1247385675827863
2010-11-07,0.9592615117289313,0.9977538268421763,1.1191244,0.8114186974646665,0.9329451540195342,1.035402534531616
2010-11-08,1.1716781979082864,1.039083753599994,1.1281337,0.8933753603766252,0.8993451776649747,1.040119433690059
2010-11-09,1.1104016260162601,1.0636136323391587,1.1750295,0.7983296044057843,0.8557847025495751,0.9811866385478053
2010-11-10,1.0559629057187017,1.1085604160125326,1.1452188,1.0003686753456589,0.8167252573238323,0.9834503696363801
2010-11-11,0.9672413236481033,1.0742071408105553,1.0199139,0.9150478010690702,1.0688694690265488,1.0007784727612519
2010-11-12,1.0272493827160494,1.1069264908597019,1.1320037,1.102072739437347,1.222402327514547,1.1157152360655767
2010-11-13,1.2535314632297194,1.1503349273454595,1.216609,1.339898212243453,1.114773656320969,1.0965669614895073
2010-11-14,1.20181998474447,1.12280381571322,1.1091557,1.2491492512007247,0.9592615117289313,1.0285307402192911
2010-11-15,1.0079029850746268,1.0568373341710218,1.0303786,1.057539545837023,1.1716781979082864,0.9968070366242938
2010-11-16,1.0092414772727272,1.1126364277967626,1.0861802,1.068074399232043,1.1104016260162601,0.9837438561732677
2010-11-17,1.0314486180014175,1.055444123029551,1.0384954,1.0145295423825464,1.0559629057187017,0.9719010616964775
2010-11-18,1.004860088365243,1.0029801266190708,0.97044766,0.8524741422150239,0.9672413236481033,0.9487429766033069
2010-11-19,1.041737728937729,1.0750250192470172,1.0645794,1.0162378023826752,1.0272493827160494,1.015276521601811
2010-11-20,1.1899131782945738,1.1050071383428257,1.175358,1.142173752999026,1.2535314632297194,1.1677769275310026
2010-11-21,0.6206247379454927,1.0864470429777802,1.0605563,1.0212421383463683,1.20181998474447,1.0531293640310242
2010-11-22,1.1085070422535213,1.0346515585419165,0.9911599,0.9047670236490265,1.0079029850746268,0.9810132338977113
2010-11-23,1.0091614317019721,1.0599221026071628,1.0336113,0.8550249234618158,1.0092414772727272,0.9847409971577072
2010-11-24,1.1073418674698794,1.066876803586887,1.0063001,1.009090199754663,1.0314486180014175,1.0172027814020494
2010-11-25,0.9535464788732395,1.0513240112680549,0.8637203,1.1551409708466007,1.004860088365243,0.9413154119052515
2010-11-26,1.0649347826086957,1.0109905528000047,0.8443623,1.0040535240011834,1.041737728937729,1.0488766540365246
